frequency;MAG;PHA
10000;86.97292039;2.2547
50000;86.97292039;3.8517
100000;86.95022236;6.7953
150000;86.9271572;9.6665
200000;86.72065895;12.756
300000;86.3794028;18.437
400000;86.14357888;23.728
500000;85.71173535;28.946
600000;85.29812969;33.47
700000;84.86641071;37.386
800000;84.5529;40.802
900000;84.1902;43.857
1000000;83.93403435;46.565
1100000;83.61873513;48.891
